uuid,firstName,lastName,street,city,state,zip,email
a6ce8f4b-cd3b-a5da-41e4-745cdfc58f98,Woodie,Hartrick,4 Daystar Ln,Carol Stream,IL,24474,whartrick0@nasa.gov
b68a094a-9303-9aca-0bc6-9780a86e0688,Wang,Klosser,2007 Carey St,Mobile,AL,95757,wklosser1@dailymotion.com
d6014cb1-f965-d3d0-df2d-c6f0e3bbdddb,Chastity,de Cullip,315 N Randy Ave,Huntington,WV,03080,cdecullip2@webmd.com
b0151d4b-cd55-ae8c-3f98-ae0cf9ed44cf,Wiatt,Circuit,99 Reinke Dr,Corpus Christi,TX,93436,wcircuit3@bizjournals.com
4fc8ce37-a58c-402a-dda8-4dd9bf1dd7b1,Kelly,Heddy,1718 Wayridge Blvd,Dallas,TX,89179,kheddy4@blog.com
0328ac82-bd72-3ba8-5e3c-9595991a531d,Tania,Give,566 7th St,Shreveport,LA,25906,tgive5@imdb.com
2e7bab70-7e1b-cfc6-4cb4-58f0b86d2d1f,Henry,Northover,1980 Dahle Ave,Washington,DC,20780,hnorthover6@twitter.com
49a27ccb-ebf1-f6c2-8b79-57e4afb8f4fa,Quincey,Sturman,788 Northfield Dr,Portland,OR,67491,qsturman7@ed.gov
246eedfa-f948-98fd-b9ac-bd78f89ca94d,Sigfrid,Cant,1779 Macpherson Ave,Cincinnati,OH,69091,scant8@netlog.com
00e75c60-c4db-4f83-143c-ea916bc579fc,Shaughn,Blethin,47 Havey St,Irvine,CA,17796,sblethin9@ow.ly
